<log4j:event logger="slog4j.Main" timestamp="1424431594339" level="ERROR" thread="main">
<log4j:message>nr2JcmYvY</log4j:message>
</log4j:event>

<log4j:event logger="slog4j.Main" timestamp="1424431594340" level="FATAL" thread="main">
<log4j:message></log4j:message>
</log4j:event>

<log4j:event logger="slog4j.Main" timestamp="1424431594340" level="ERROR" thread="main">
<log4j:message>rHJQYzN9</log4j:message>
</log4j:event>

<log4j:event logger="slog4j.Main" timestamp="1424431594340" level="DEBUG" thread="main">
<log4j:message>u</log4j:message>
</log4j:event>

<log4j:event logger="slog4j.Main" timestamp="1424431594340" level="ERROR" thread="main">
<log4j:message>ToF</log4j:message>
</log4j:event>

<log4j:event logger="slog4j.Main" timestamp="1424431594340" level="FATAL" thread="main">
<log4j:message>btKPo</log4j:message>
</log4j:event>

<log4j:event logger="slog4j.Main" timestamp="1424431594340" level="ERROR" thread="main">
<log4j:message>xv0KFz</log4j:message>
</log4j:event>

<log4j:event logger="slog4j.Main" timestamp="1424431594340" level="WARN" thread="main">
<log4j:message>aAbvyt</log4j:message>
</log4j:event>

<log4j:event logger="slog4j.Main" timestamp="1424431594340" level="WARN" thread="main">
<log4j:message>IZ</log4j:message>
</log4j:event>

<log4j:event logger="slog4j.Main" timestamp="1424431594340" level="ERROR" thread="main">
<log4j:message>cx</log4j:message>
</log4j:event>

<log4j:event logger="slog4j.Main" timestamp="1424431594340" level="FATAL" thread="main">
<log4j:message>ffMQZOs6J</log4j:message>
</log4j:event>

<log4j:event logger="slog4j.Main" timestamp="1424431594340" level="ERROR" thread="main">
<log4j:message>Cn</log4j:message>
</log4j:event>

<log4j:event logger="slog4j.Main" timestamp="1424431594340" level="FATAL" thread="main">
<log4j:message>uXe</log4j:message>
</log4j:event>

<log4j:event logger="slog4j.Main" timestamp="1424431594340" level="INFO" thread="main">
<log4j:message>Uu3Z</log4j:message>
</log4j:event>

<log4j:event logger="slog4j.Main" timestamp="1424431594340" level="WARN" thread="main">
<log4j:message>u</log4j:message>
</log4j:event>

<log4j:event logger="slog4j.Main" timestamp="1424431594340" level="ERROR" thread="main">
<log4j:message>cK</log4j:message>
</log4j:event>

<log4j:event logger="slog4j.Main" timestamp="1424431594340" level="DEBUG" thread="main">
<log4j:message>Z5tcztFLu</log4j:message>
</log4j:event>

<log4j:event logger="slog4j.Main" timestamp="1424431594340" level="DEBUG" thread="main">
<log4j:message>tJsuVEBsD</log4j:message>
</log4j:event>

<log4j:event logger="slog4j.Main" timestamp="1424431594340" level="INFO" thread="main">
<log4j:message>yCGGqvK0</log4j:message>
</log4j:event>

<log4j:event logger="slog4j.Main" timestamp="1424431594340" level="INFO" thread="main">
<log4j:message>tsFFuGq3</log4j:message>
</log4j:event>

<log4j:event logger="slog4j.Main" timestamp="1424431594340" level="INFO" thread="main">
<log4j:message>8pGO</log4j:message>
</log4j:event>

<log4j:event logger="slog4j.Main" timestamp="1424431594340" level="WARN" thread="main">
<log4j:message>jyGH</log4j:message>
</log4j:event>

<log4j:event logger="slog4j.Main" timestamp="1424431594340" level="DEBUG" thread="main">
<log4j:message>0OVAD</log4j:message>
</log4j:event>

<log4j:event logger="slog4j.Main" timestamp="1424431594341" level="FATAL" thread="main">
<log4j:message>jtT</log4j:message>
</log4j:event>

<log4j:event logger="slog4j.Main" timestamp="1424431594341" level="ERROR" thread="main">
<log4j:message></log4j:message>
</log4j:event>

<log4j:event logger="slog4j.Main" timestamp="1424431594341" level="ERROR" thread="main">
<log4j:message>zUP</log4j:message>
</log4j:event>

<log4j:event logger="slog4j.Main" timestamp="1424431594341" level="ERROR" thread="main">
<log4j:message></log4j:message>
</log4j:event>

<log4j:event logger="slog4j.Main" timestamp="1424431594341" level="DEBUG" thread="main">
<log4j:message>jbaGBB8iA</log4j:message>
</log4j:event>

<log4j:event logger="slog4j.Main" timestamp="1424431594341" level="WARN" thread="main">
<log4j:message>ZZ49VZLOX</log4j:message>
</log4j:event>

<log4j:event logger="slog4j.Main" timestamp="1424431594341" level="INFO" thread="main">
<log4j:message>4CDxjJ</log4j:message>
</log4j:event>

<log4j:event logger="slog4j.Main" timestamp="1424431594341" level="WARN" thread="main">
<log4j:message>ftstyG</log4j:message>
</log4j:event>

<log4j:event logger="slog4j.Main" timestamp="1424431594341" level="WARN" thread="main">
<log4j:message>zsZVbqFd</log4j:message>
</log4j:event>

<log4j:event logger="slog4j.Main" timestamp="1424431594341" level="WARN" thread="main">
<log4j:message></log4j:message>
</log4j:event>

<log4j:event logger="slog4j.Main" timestamp="1424431594341" level="INFO" thread="main">
<log4j:message>ySuKtdqQA</log4j:message>
</log4j:event>

<log4j:event logger="slog4j.Main" timestamp="1424431594341" level="INFO" thread="main">
<log4j:message>8APV</log4j:message>
</log4j:event>

<log4j:event logger="slog4j.Main" timestamp="1424431594341" level="WARN" thread="main">
<log4j:message>fS8Ifj</log4j:message>
</log4j:event>

<log4j:event logger="slog4j.Main" timestamp="1424431594341" level="WARN" thread="main">
<log4j:message>mYkbEJH</log4j:message>
</log4j:event>

<log4j:event logger="slog4j.Main" timestamp="1424431594341" level="INFO" thread="main">
<log4j:message>oUQw</log4j:message>
</log4j:event>

<log4j:event logger="slog4j.Main" timestamp="1424431594341" level="INFO" thread="main">
<log4j:message>p2ZXF</log4j:message>
</log4j:event>

<log4j:event logger="slog4j.Main" timestamp="1424431594341" level="INFO" thread="main">
<log4j:message>ygye</log4j:message>
</log4j:event>

<log4j:event logger="slog4j.Main" timestamp="1424431594341" level="ERROR" thread="main">
<log4j:message>zIQ16s</log4j:message>
</log4j:event>

<log4j:event logger="slog4j.Main" timestamp="1424431594341" level="INFO" thread="main">
<log4j:message>rXSqXuN</log4j:message>
</log4j:event>

<log4j:event logger="slog4j.Main" timestamp="1424431594341" level="INFO" thread="main">
<log4j:message>eS</log4j:message>
</log4j:event>

<log4j:event logger="slog4j.Main" timestamp="1424431594341" level="ERROR" thread="main">
<log4j:message>M5q9</log4j:message>
</log4j:event>

<log4j:event logger="slog4j.Main" timestamp="1424431594343" level="DEBUG" thread="main">
<log4j:message>u</log4j:message>
</log4j:event>

<log4j:event logger="slog4j.Main" timestamp="1424431594343" level="ERROR" thread="main">
<log4j:message>d</log4j:message>
</log4j:event>

<log4j:event logger="slog4j.Main" timestamp="1424431594343" level="WARN" thread="main">
<log4j:message>s</log4j:message>
</log4j:event>

<log4j:event logger="slog4j.Main" timestamp="1424431594343" level="FATAL" thread="main">
<log4j:message>7OWU</log4j:message>
</log4j:event>

<log4j:event logger="slog4j.Main" timestamp="1424431594343" level="FATAL" thread="main">
<log4j:message>8qwR</log4j:message>
</log4j:event>

<log4j:event logger="slog4j.Main" timestamp="1424431594343" level="ERROR" thread="main">
<log4j:message>Q4K1YsFrg</log4j:message>
</log4j:event>

<log4j:event logger="slog4j.Main" timestamp="1424431594343" level="INFO" thread="main">
<log4j:message>z</log4j:message>
</log4j:event>

<log4j:event logger="slog4j.Main" timestamp="1424431594343" level="ERROR" thread="main">
<log4j:message>YLbeLwbst</log4j:message>
</log4j:event>

<log4j:event logger="slog4j.Main" timestamp="1424431594343" level="WARN" thread="main">
<log4j:message>1e4nv</log4j:message>
</log4j:event>

<log4j:event logger="slog4j.Main" timestamp="1424431594344" level="FATAL" thread="main">
<log4j:message>FQDi7CBxk</log4j:message>
</log4j:event>

<log4j:event logger="slog4j.Main" timestamp="1424431594344" level="WARN" thread="main">
<log4j:message>cMaKTUvj9</log4j:message>
</log4j:event>

<log4j:event logger="slog4j.Main" timestamp="1424431594344" level="FATAL" thread="main">
<log4j:message>koch3</log4j:message>
</log4j:event>

<log4j:event logger="slog4j.Main" timestamp="1424431594344" level="DEBUG" thread="main">
<log4j:message>ipwO</log4j:message>
</log4j:event>

<log4j:event logger="slog4j.Main" timestamp="1424431594344" level="WARN" thread="main">
<log4j:message>NLUHjjZ5</log4j:message>
</log4j:event>

<log4j:event logger="slog4j.Main" timestamp="1424431594344" level="DEBUG" thread="main">
<log4j:message>kyy2rVP</log4j:message>
</log4j:event>

<log4j:event logger="slog4j.Main" timestamp="1424431594344" level="FATAL" thread="main">
<log4j:message>D</log4j:message>
</log4j:event>

<log4j:event logger="slog4j.Main" timestamp="1424431594344" level="DEBUG" thread="main">
<log4j:message>P9luN4nf</log4j:message>
</log4j:event>

<log4j:event logger="slog4j.Main" timestamp="1424431594344" level="ERROR" thread="main">
<log4j:message>lX</log4j:message>
</log4j:event>

<log4j:event logger="slog4j.Main" timestamp="1424431594344" level="DEBUG" thread="main">
<log4j:message>vTXKEbe</log4j:message>
</log4j:event>

<log4j:event logger="slog4j.Main" timestamp="1424431594344" level="FATAL" thread="main">
<log4j:message>NdRbXk</log4j:message>
</log4j:event>

<log4j:event logger="slog4j.Main" timestamp="1424431594344" level="WARN" thread="main">
<log4j:message>edVBnxxw</log4j:message>
</log4j:event>

<log4j:event logger="slog4j.Main" timestamp="1424431594345" level="WARN" thread="main">
<log4j:message>YshcEv</log4j:message>
</log4j:event>

<log4j:event logger="slog4j.Main" timestamp="1424431594345" level="FATAL" thread="main">
<log4j:message></log4j:message>
</log4j:event>

<log4j:event logger="slog4j.Main" timestamp="1424431594345" level="DEBUG" thread="main">
<log4j:message>pWNo</log4j:message>
</log4j:event>

<log4j:event logger="slog4j.Main" timestamp="1424431594345" level="DEBUG" thread="main">
<log4j:message>Y6gjN</log4j:message>
</log4j:event>

<log4j:event logger="slog4j.Main" timestamp="1424431594345" level="INFO" thread="main">
<log4j:message>pxzF</log4j:message>
</log4j:event>

<log4j:event logger="slog4j.Main" timestamp="1424431594345" level="DEBUG" thread="main">
<log4j:message>U7uSTL</log4j:message>
</log4j:event>

<log4j:event logger="slog4j.Main" timestamp="1424431594345" level="DEBUG" thread="main">
<log4j:message>TzFRZ7y</log4j:message>
</log4j:event>

<log4j:event logger="slog4j.Main" timestamp="1424431594345" level="FATAL" thread="main">
<log4j:message>933OWK3IZ</log4j:message>
</log4j:event>

<log4j:event logger="slog4j.Main" timestamp="1424431594345" level="WARN" thread="main">
<log4j:message>x1aF0E</log4j:message>
</log4j:event>

<log4j:event logger="slog4j.Main" timestamp="1424431594345" level="ERROR" thread="main">
<log4j:message>15oaY</log4j:message>
</log4j:event>

<log4j:event logger="slog4j.Main" timestamp="1424431594345" level="INFO" thread="main">
<log4j:message>d</log4j:message>
</log4j:event>

<log4j:event logger="slog4j.Main" timestamp="1424431594345" level="INFO" thread="main">
<log4j:message>s</log4j:message>
</log4j:event>

<log4j:event logger="slog4j.Main" timestamp="1424431594345" level="FATAL" thread="main">
<log4j:message>kT</log4j:message>
</log4j:event>

<log4j:event logger="slog4j.Main" timestamp="1424431594345" level="DEBUG" thread="main">
<log4j:message>KuJHV</log4j:message>
</log4j:event>

<log4j:event logger="slog4j.Main" timestamp="1424431594345" level="DEBUG" thread="main">
<log4j:message>jctQcmL</log4j:message>
</log4j:event>

<log4j:event logger="slog4j.Main" timestamp="1424431594345" level="ERROR" thread="main">
<log4j:message>kQJXaLeO</log4j:message>
</log4j:event>

<log4j:event logger="slog4j.Main" timestamp="1424431594345" level="INFO" thread="main">
<log4j:message>65URCkQE</log4j:message>
</log4j:event>

<log4j:event logger="slog4j.Main" timestamp="1424431594345" level="WARN" thread="main">
<log4j:message>q3Onimj</log4j:message>
</log4j:event>

<log4j:event logger="slog4j.Main" timestamp="1424431594345" level="DEBUG" thread="main">
<log4j:message>2ZKRxHC</log4j:message>
</log4j:event>

<log4j:event logger="slog4j.Main" timestamp="1424431594345" level="FATAL" thread="main">
<log4j:message>xTV3G60</log4j:message>
</log4j:event>

